"emp_id","emp_name","job","mgr_id","hire_date","salary","comm_pct","dept_name"
100,"Steven","AD_PRES",0,"2003-06-17",24000.0,0.0,"Executive"
101,"Neena","AD_VP",100,"2005-09-21",17000.0,0.0,"Executive"
102,"Lex","AD_VP",100,"2001-01-13",17000.0,0.0,"Executive"
103,"Alexander","IT_PROG",102,"2006-01-03",9000.0,0.0,"IT"
104,"Bruce","IT_PROG",103,"2007-05-21",6000.0,0.0,"IT"
105,"David","IT_PROG",103,"2005-06-25",4800.0,0.0,"IT"
106,"Valli","IT_PROG",103,"2006-02-05",4800.0,0.0,"IT"
107,"Diana","IT_PROG",103,"2007-02-07",4200.0,0.0,"IT"
108,"Nancy","FI_MGR",101,"2002-08-17",12008.0,0.0,"Finance"
109,"Daniel","FI_ACCOUNT",108,"2002-08-16",9000.0,0.0,"Finance"
110,"John","FI_ACCOUNT",108,"2005-09-28",8200.0,0.0,"Finance"
111,"Ismael","FI_ACCOUNT",108,"2005-09-30",7700.0,0.0,"Finance"
112,"Jose Manuel","FI_ACCOUNT",108,"2006-03-07",7800.0,0.0,"Finance"
113,"Luis","FI_ACCOUNT",108,"2007-12-07",6900.0,0.0,"Finance"
114,"Den","PU_MAN",100,"2002-12-07",11000.0,0.0,"Purchasing"
115,"Alexander","PU_MAN",100,"2003-05-18",7100.0,0.0,"Purchasing"
116,"Shelli","PU_CLERK",114,"2005-12-24",2900.0,0.0,"Purchasing"
117,"Sigal","PU_CLERK",115,"2005-07-24",2800.0,0.0,"Purchasing"
118,"Guy","PU_CLERK",115,"2006-11-15",2600.0,0.0,"Purchasing"
119,"Karen","PU_CLERK",114,"2007-08-10",2500.0,0.0,"Purchasing"
120,"Matthew","ST_MAN",100,"2004-07-18",8000.0,0.0,"Shipping"
121,"Adam","ST_MAN",100,"2005-04-10",8200.0,0.0,"Shipping"
122,"Payam","ST_MAN",100,"2003-05-01",7900.0,0.0,"Shipping"
123,"Shanta","ST_MAN",100,"2005-10-10",6500.0,0.0,"Shipping"
124,"Kevin","ST_MAN",100,"2007-11-16",5800.0,0.0,"Shipping"
125,"Julia","ST_CLERK",120,"2005-07-16",3200.0,0.0,"Shipping"
126,"Irene","ST_CLERK",120,"2006-09-28",2700.0,0.0,"Shipping"
127,"James","ST_CLERK",120,"2007-01-14",2400.0,0.0,"Shipping"
128,"Steven","ST_CLERK",120,"2008-03-08",2200.0,0.0,"Shipping"
129,"Laura","ST_CLERK",121,"2005-08-20",3300.0,0.0,"Shipping"
130,"Mozhe","ST_CLERK",121,"2005-10-30",2800.0,0.0,"Shipping"
131,"James","ST_CLERK",121,"2005-02-16",2500.0,0.0,"Shipping"
132,"TJ","ST_CLERK",121,"2007-04-10",2100.0,0.0,"Shipping"
133,"Jason","ST_CLERK",122,"2004-06-14",3300.0,0.0,"Shipping"
134,"Michael","ST_CLERK",122,"2006-08-26",2900.0,0.0,"Shipping"
135,"Ki","ST_CLERK",122,"2007-12-12",2400.0,0.0,"Shipping"
136,"Hazel","ST_CLERK",122,"2008-02-06",2200.0,0.0,"Shipping"
137,"Renske","ST_CLERK",123,"2003-07-14",3600.0,0.0,"Shipping"
138,"Stephen","ST_CLERK",123,"2005-10-26",3200.0,0.0,"Shipping"
139,"John","ST_CLERK",123,"2006-02-12",2700.0,0.0,"Shipping"
140,"Joshua","ST_CLERK",123,"2006-04-06",2500.0,0.0,"Shipping"
141,"Trenna","ST_CLERK",124,"2003-10-17",3500.0,0.0,"Shipping"
142,"Curtis","ST_CLERK",124,"2005-01-29",3100.0,0.0,"Shipping"
143,"Randall","ST_CLERK",124,"2006-03-15",2600.0,0.0,"Shipping"
144,"Peter","ST_CLERK",124,"2006-07-09",2500.0,0.0,"Shipping"
145,"John","SA_MAN",100,"2004-10-01",14000.0,0.4,"Sales"
146,"Karen","SA_MAN",100,"2005-01-05",13500.0,0.3,"Sales"
147,"Alberto","SA_MAN",100,"2005-03-10",12000.0,0.3,""
148,"Gerald","SA_MAN",100,"2007-10-15",11000.0,0.3,"Sales"
149,"Eleni","SA_MAN",100,"2008-01-29",10500.0,0.2,"Sales"
150,"Peter","SA_REP",145,"2005-01-30",10000.0,0.3,"Sales"
151,"David","SA_REP",145,"2005-03-24",9500.0,0.25,"Sales"
152,"Peter","SA_REP",145,"2005-08-20",9000.0,0.25,"Sales"
153,"Christopher","SA_REP",145,"2006-03-30",8000.0,0.2,"Sales"
154,"Nanette","SA_REP",145,"2006-12-09",7500.0,0.2,"Sales"
155,"Oliver","SA_REP",145,"2007-11-23",7000.0,0.15,"Sales"
156,"Janette","SA_REP",146,"2004-01-30",10000.0,0.35,"Sales"
157,"Patrick","SA_REP",146,"2004-03-04",9500.0,0.35,"Sales"
158,"Allan","SA_REP",146,"2004-08-01",9000.0,0.35,"Sales"
159,"Lindsey","SA_REP",146,"2005-03-10",8000.0,0.3,"Sales"
160,"Louise","SA_REP",146,"2005-12-15",7500.0,0.3,"Sales"
161,"Sarath","SA_REP",146,"2006-11-03",7000.0,0.25,"Sales"
162,"Clara","SA_REP",147,"2005-11-11",10500.0,0.25,"Sales"
163,"Danielle","SA_REP",147,"2007-03-19",9500.0,0.15,"Sales"
164,"Mattea","SA_REP",147,"2008-01-24",7200.0,0.1,"Sales"
165,"David","SA_REP",147,"2008-02-23",6800.0,0.1,"Sales"
166,"Sundar","SA_REP",147,"2008-03-24",6400.0,0.1,"Sales"
167,"Amit","SA_REP",147,"2008-04-21",6200.0,0.1,"Sales"
168,"Lisa","SA_REP",148,"2005-03-11",11500.0,0.25,"Sales"
169,"Harrison","SA_REP",148,"2006-03-23",10000.0,0.2,"Sales"
170,"Tayler","SA_REP",148,"2006-01-24",9600.0,0.2,"Sales"
171,"William","SA_REP",148,"2007-02-23",7400.0,0.15,"Sales"
172,"Elizabeth","SA_REP",148,"2007-03-24",7300.0,0.15,"Sales"
173,"Sundita","SA_REP",148,"2008-04-21",6100.0,0.1,"Sales"
174,"Ellen","SA_REP",149,"2004-05-11",11000.0,0.3,"Sales"
175,"Alyssa","SA_REP",149,"2005-03-19",8800.0,0.25,"Sales"
176,"Jonathon","SA_REP",149,"2006-03-24",8600.0,0.2,"Sales"
177,"Jack","SA_REP",149,"2006-04-23",8400.0,0.2,"Sales"
178,"Kimberely","SA_REP",149,"2007-05-24",7000.0,0.15,""
179,"Charles","SA_REP",149,"2008-01-04",6200.0,0.1,"Sales"
180,"Winston","SH_CLERK",120,"2006-01-24",3200.0,0.0,"Shipping"
181,"Jean","SH_CLERK",120,"2006-02-23",3100.0,0.0,"Shipping"
182,"Martha","SH_CLERK",120,"2007-06-21",2500.0,0.0,"Shipping"
183,"Girard","SH_CLERK",120,"2008-02-03",2800.0,0.0,"Shipping"
184,"Nandita","SH_CLERK",121,"2004-01-27",4200.0,0.0,"Shipping"
185,"Alexis","SH_CLERK",121,"2005-02-20",4100.0,0.0,"Shipping"
186,"Julia","SH_CLERK",121,"2006-06-24",3400.0,0.0,"Shipping"
187,"Anthony","SH_CLERK",121,"2007-02-07",3000.0,0.0,"Shipping"
188,"Kelly","SH_CLERK",122,"2005-06-14",3800.0,0.0,"Shipping"
189,"Jennifer","SH_CLERK",122,"2005-08-13",3600.0,0.0,"Shipping"
190,"Timothy","SH_CLERK",122,"2006-07-11",2900.0,0.0,"Shipping"
191,"Randall","SH_CLERK",122,"2007-12-19",2500.0,0.0,"Shipping"
192,"Sarah","SH_CLERK",123,"2004-02-04",4000.0,0.0,"Shipping"
193,"Britney","SH_CLERK",123,"2005-03-03",3900.0,0.0,"Shipping"
194,"Samuel","SH_CLERK",123,"2006-07-01",3200.0,0.0,"Shipping"
195,"Vance","SH_CLERK",123,"2007-03-17",2800.0,0.0,"Shipping"
196,"Alana","SH_CLERK",124,"2006-04-24",3100.0,0.0,""
197,"Kevin","SH_CLERK",124,"2006-05-23",3000.0,0.0,"Shipping"
198,"Donald","SH_CLERK",124,"2007-06-21",2600.0,0.0,"Shipping"
199,"Douglas","SH_CLERK",124,"2008-01-13",2600.0,0.0,"Shipping"
200,"Jenni%fer","AD_ASST",101,"2003-09-17",4400.0,0.0,"Administration"
201,"Michael","MK_MAN",100,"2004-02-17",13000.0,0.0,"Marketing"
202,"Pat","MK_REP",201,"2005-08-17",6000.0,0.0,"Marketing"
203,"Susan","HR_REP",101,"2002-06-07",6500.0,0.0,"Human Resources"
204,"Hermann","PR_REP",101,"2002-06-07",10000.0,0.0,"Public Relations"
205,"Shelley","AC_MGR",101,"2002-06-07",12008.0,0.0,"Accounting"
206,"William","AC_ACCOUNT",205,"2002-06-07",8300.0,0.0,"Accounting"
